<?xml version="1.0"?>
<CIM CIMVERSION="2.3" DTDVERSION="2.2">
  <DECLARATION>
    <DECLGROUP.WITHNAME>
      <VALUE.NAMEDOBJECT>
        <INSTANCENAME CLASSNAME="SAP_SoftwareComponent">
          <KEYBINDING NAME="ElementTypeID">
            <KEYVALUE>0</KEYVALUE>
          </KEYBINDING>
          <KEYBINDING NAME="Name">
            <KEYVALUE>RWZ-TEST</KEYVALUE>
          </KEYBINDING>
          <KEYBINDING NAME="Vendor">
            <KEYVALUE>quindata.com</KEYVALUE>
          </KEYBINDING>
          <KEYBINDING NAME="Version">
            <KEYVALUE>1.0</KEYVALUE>
          </KEYBINDING>
        </INSTANCENAME>
        <INSTANCE CLASSNAME="SAP_SoftwareComponent">
          <PROPERTY NAME="Name" TYPE="string">
            <VALUE>RWZ-TEST</VALUE>
          </PROPERTY>
          <PROPERTY NAME="Vendor" TYPE="string">
            <VALUE>quindata.com</VALUE>
          </PROPERTY>
          <PROPERTY NAME="Version" TYPE="string">
            <VALUE>1.0</VALUE>
          </PROPERTY>
          <PROPERTY NAME="ElementTypeID" TYPE="string">
            <VALUE>0</VALUE>
          </PROPERTY>
          <PROPERTY NAME="GUID" TYPE="string">
            <VALUE>e4d20f11-8118-11e8-8f00-fb72c0a8132a</VALUE>
          </PROPERTY>
        </INSTANCE>
      </VALUE.NAMEDOBJECT>
    </DECLGROUP.WITHNAME>
  </DECLARATION>
</CIM>